USE LibraryPW;
GO


INSERT INTO Authors (name, surename, username, biography)
VALUES 
('Agatha', 'Christie', 'Mary Westmacott', 'brytyjska autorka powieści detektywistycznych.'),
('Stephen', 'King', 'Richard Bachman', 'amerykański autor bestsellerowych thrillerów i horrorów.'),
('J.K.', 'Rowling', 'Robert Galbraith', 'brytyjska pisarka znana z serii o Harrym Potterze.'),
('George', 'Orwell', NULL, 'brytyjski pisarz i eseista, autor "Roku 1984" i "Folwarku zwierzęcego".'),
('Gabriel Garcia', 'Marquez', NULL, 'kolumbijski pisarz, laureat Nagrody Nobla w dziedzinie literatury.'),
('Haruki', 'Murakami', NULL, 'japoński autor bestsellerowych powieści, tłumacz i eseista.'),
('Jane', 'Austen', NULL, 'brytyjska pisarka, autorka klasyków literatury.'),
('Ernest', 'Hemingway', NULL, 'amerykański pisarz, laureat Nagrody Nobla, znany z "Starego człowieka i morza".'),
('Leo', 'Tolstoj', NULL, 'rosyjski pisarz, autor "Wojny i pokoju" i "Anny Kareniny".'),
('Margaret', 'Atwood', NULL, 'kanadyjska autorka, znana z powieści "Opowieść podręcznej".'),
('Neil', 'Gaiman', NULL, 'brytyjski autor, znany z "Amerykańskich bogów" i "Stardust".'),
('Fyodor', 'Dostoevsky', NULL, 'rosyjski pisarz, znany z "Zbrodni i kary" i "Braci Karamazow".'),
('Virginia', 'Woolf', NULL, 'brytyjska pisarka, jedna z czołowych postaci modernizmu.'),
('Albert', 'Camus', NULL, 'francuski pisarz, laureat Nagrody Nobla, autor "Obcego" i "Dżumy".'),
('J.R.R.', 'Tolkien', NULL, 'brytyjski autor "Władcy Pierścieni" i "Hobbita".'),
('Franz', 'Kafka', NULL, 'austriacki pisarz, autor takich dzieł jak "Proces" i "Przemiana".'),
('Ursula K.', 'Le Guin', NULL, 'amerykańska pisarka science fiction i fantasy.'),
('Milan', 'Kundera', NULL, 'czeski pisarz, autor "Nieznosnej lekkości bytu" i "Żartu".'),
('John', 'Steinbeck', NULL, 'amerykański pisarz, laureat Nagrody Nobla, autor "Myszy i ludzi".'),
('Toni', 'Morrison', NULL, 'amerykańska pisarka, laureatka Nagrody Nobla, znana z "Błękitnego oka" i "Ukochanej".');


INSERT INTO Status (kind_of_status)
VALUES 
('zatrudniony'),
('zwolniony'),
('zamówione'),
('dostarczone'),
('wypozyczona'),
('dostepna'),
('student'),
('pracownik'),
('inny'),
('opłacone'),
('nieopłacone');


INSERT INTO Publishing_houses (name)
VALUES 
('HarperCollins'),
('Scribner'),
('Doubleday'),
('Viking'),
('Bloomsbury'),
('Secker & Warburg'),
('Editorial La Oveja Negra'),
('Gollancz'),
('Victor Gollancz Ltd.'),
('Kodansha'),
('Thomas Egerton'),
('John Murray'),
('Charles Scribner''s Sons'),
('The Russian Messenger'),
('McClelland & Stewart'),
('William Morrow'),
('Gallimard'),
('Československý spisovatel'),
('Covici Friede'),
('The Viking Press'),
('Hogarth Press'),
('Parnassus Press'),
('Ace Books'),
('Hachette Book Group'),
('Tor Books'),
('Kurt Wolff Verlag'),
('Houghton Mifflin'),
('Alfred A. Knopf'),
('Holt, Rinehart and Winston');


INSERT INTO Categories (name)
VALUES 
('fantastyka'),
('kryminal'),
('horror'),
('sensacja'),
('literatura piękna'),
('dla dzieci'),
('historia'),
('literatura faktu'),
('literatura obyczajowa'),
('podroze'),
('komiksy'),
('poradniki'),
('biografie'),
('naukowe'),
('inne');


INSERT INTO Providers (company_name, adres, phone_number) VALUES
('Księgarnia Literacka Sp. z o.o.', 'ul. Literacka 10, Warszawa', '+48 22 123 4567'),
('Wydawnictwo Podręcznikowe Polska S.A.', 'ul. Edukacyjna 5, Kraków', '+48 12 987 6543'),
('Księgarnia Pod Globusem Sp. z o.o.', 'ul. Książkowa 8, Gdańsk', '+48 58 234 5678'),
('Wydawnictwo Czytelnicze Sp. z o.o.', 'ul. Literowa 5, Szczecin', '+48 91 876 5432'),
('Księgarnia Świat Książki S.C.', 'ul. Książęca 18, Łódź', '+48 42 345 6789'),
('Wydawnictwo Smart Books Polska Sp. z o.o.', 'ul. Wiedzy 3, Poznań', '+48 61 654 3210'),
('Księgarnia Akademicka Sp. z o.o.', 'ul. Akademicka 7, Wrocław', '+48 71 456 7890'),
('Wydawnictwo Przyszłość S.A.', 'ul. Przyszłościowa 9, Katowice', '+48 32 789 0123'),
('Księgarnia Mądre Książki Sp. z o.o.', 'ul. Mądrości 15, Lublin', '+48 81 098 7654'),
('Wydawnictwo NexGen Sp. z o.o.', 'ul. Genialna 22, Rzeszów', '+48 17 210 9876'),
('Księgarnia Innowacja Sp. z o.o.', 'ul. Innowacyjna 33, Bydgoszcz', '+48 52 567 8901'),
('Wydawnictwo Literatura Sp. z o.o.', 'ul. Literacka 55, Gdynia', '+48 58 678 1234'),
('Księgarnia Mądra Sowa Sp. z o.o.', 'ul. Sowia 12, Toruń', '+48 56 234 5678'),
('Wydawnictwo Książka Marzeń S.A.', 'ul. Marzeń 44, Białystok', '+48 85 345 6789'),
('Księgarnia Książkowy Świat Sp. z o.o.', 'ul. Książkowa 99, Zielona Góra', '+48 68 456 7890'),
('Wydawnictwo Wiedza i Edukacja S.A.', 'ul. Edukacyjna 11, Olsztyn', '+48 89 567 8901'),
('Księgarnia Literacki Skarb Sp. z o.o.', 'ul. Skarbowa 30, Sopot', '+48 58 678 9012'),
('Wydawnictwo Książka dla Każdego Sp. z o.o.', 'ul. Każdego 25, Kielce', '+48 41 789 0123'),
('Księgarnia Wiedza Powszechna S.C.', 'ul. Wiedzy 77, Opole', '+48 77 890 1234'),
('Wydawnictwo Mądre Książki Sp. z o.o.', 'ul. Mądrości 14, Częstochowa', '+48 34 901 2345');


INSERT INTO Invoices (amount, status_id, bank_account_number) VALUES
(350.00, '10', 'PL10105000997603123456789123'),
(420.50, '11', 'PL12114010100009198200000845'),
(275.30, '10', 'PL49102010900008910400106767'),
(180.75, '11', 'PL34105010241000009102150987'),
(500.00, '10', 'PL60102010260000042270201111'),
(320.80, '11', 'PL54102010200009126163340987'),
(410.60, '10', 'PL84105010921000009000288267'),
(290.25, '11', 'PL61105020321000000000349801'),
(350.90, '10', 'PL18102000190000910200181237'),
(480.75, '11', 'PL65102010260000042270201004'),
(380.30, '10', 'PL12102010900000148770100112'),
(220.50, '11', 'PL60102010140000071200517897'),
(300.80, '10', 'PL30105000841000002200223789'),
(260.25, '11', 'PL22105010150000000201239988'),
(430.70, '10', 'PL61109010140000071200517895'),
(390.90, '11', 'PL10102010980000910200181239'),
(380.50, '10', 'PL54102010200009126163340986'),
(310.25, '11', 'PL88102000280000830101343456'),
(450.60, '10', 'PL74105000871000002200223791'),
(360.75, '11', 'PL63102000580000002700231268');


INSERT INTO Open_hours (hours) VALUES
('7:00-15:00'),
('8:00-16:00'),
('9:00-17:00'),
('10:00-18:00'),
('6:00-22:00');


INSERT INTO Extensions (date_of_extension, numbers_of_days) VALUES
('2024-03-01', 7),
('2024-03-02', 5),
('2024-03-03', 3),
('2024-03-04', 10),
('2024-03-05', 7),
('2024-03-06', 5),
('2024-03-07', 3),
('2024-03-08', 10),
('2024-03-09', 7),
('2024-03-10', 5),
('2024-03-11', 3),
('2024-03-12', 10),
('2024-03-13', 7),
('2024-03-14', 5),
('2024-03-15', 3),
('2024-03-16', 10),
('2024-03-17', 7),
('2024-03-18', 5),
('2024-03-19', 3),
('2024-03-20', 10);


INSERT INTO Books (author_id, description, title, publishing_year, publishing_house_id, category_id, numbers_of_books) VALUES
(1, 'Zagadki detektywistyczne', '10 małych murzynków', 1939, 1, 2, 1),
(1, 'Tajemnica w pociągu', 'Morderstwo w Orient Expressie', 1934, 1, 2, 1),
(1, 'Zagadka w starym zamku', 'Zagadka trzeciego planu', 1929, 1, 2, 1),
(1, 'Zagadki i intrygi', 'Trzynaście problemów', 1932, 1, 2, 1),
(1, 'Skrzyżowane losy', 'Zagadka Andromedy', 1971, 1, 2, 1),
(2, 'Przerażająca opowieść', 'To', 1986, 2, 3, 1),
(2, 'Mroczne miasteczko', 'Miasteczko Salem', 1975, 3, 3, 1),
(2, 'Skręcony sen', 'Sklepik z marzeniami', 1993, 4, 3, 1),
(2, 'Blask szaleństwa', 'Lśnienie', 1977, 3, 3, 1),
(2, 'Martwa strefa', 'Martwa strefa', 1979, 4, 3, 1),
(3, 'Magiczna przygoda', 'Harry Potter i Kamień Filozoficzny', 1997, 5, 1, 1),
(3, 'Tajemnicza komnata', 'Harry Potter i Komnata Tajemnic', 1998, 5, 1, 1),
(3, 'Więź więźnia', 'Harry Potter i Więzień Azkabanu', 1999, 5, 1, 1),
(3, 'Turniej czarodziei', 'Harry Potter i Czara Ognia', 2000, 5, 1, 1),
(3, 'Przygoda z Feniksem', 'Harry Potter i Zakon Feniksa', 2003, 5, 1, 1),
(4, 'Mistrz dystopii', 'Rok 1984', 1949, 6, 4, 1),
(4, 'Mistrz dystopii', 'Folwark zwierzęcy', 1945, 6, 5, 1),
(4, 'Mistrz dystopii', 'Na skraju załamania', 1939, 7, 7, 1),
(4, 'Mistrz dystopii', 'Burza', 1934, 6, 7, 1),
(4, 'Mistrz dystopii', 'W drodze do Wigan', 1937, 8, 7, 1),
(5, 'Mistrz magicznego realizmu', 'Sto lat samotności', 1967, 9, 5, 1),
(5, 'Mistrz magicznego realizmu', 'Jesień patriarchów', 1975, 10, 5, 1),
(5, 'Mistrz magicznego realizmu', 'Miłość w czasach zarazy', 1985, 10, 5, 1),
(5, 'Mistrz magicznego realizmu', 'Kronika zapowiedzianej śmierci', 1981, 10, 5, 1),
(5, 'Mistrz magicznego realizmu', 'Niewiarygodna i smutna historia pilota Nikoli Herrera',2000, 11, 5, 1),
(6, 'Melancholijne opowieści', 'Norwegian Wood', 1987, 12, 5, 1),
(6, 'Alternatywna rzeczywistość', '1Q84', 2009, 13, 5, 1),
(6, 'Mroczna fikcja', 'Kafka nad morzem', 2002, 13, 5, 1),
(6, 'Tajemniczy ptak', 'Kronika ptaka nakręcacza', 1994, 12, 1, 1),
(6, 'Bezimienna opowieść', 'Książka bez tytułu',2003, 14, 5, 1),
(7, 'Historie z XIX wieku', 'Duma i uprzedzenie', 1813, 15, 5, 1),
(7, 'Komedie obyczajowe', 'Emma', 1815, 16, 5, 1),
(7, 'Historie z XIX wieku', 'Duma i uprzedzenie', 1813, 15, 5, 1),
(7, 'Komedie obyczajowe', 'Emma', 1815, 16, 5, 1),
(7, 'Opowieści z XIX wieku', 'Mansfield Park', 1814, 15, 5, 1),
(7, 'Historie miłosne', 'Sense and Sensibility', 1811, 15, 5, 1),
(7, 'Mroczne opowieści', 'Northanger Abbey', 1817, 17, 5, 1),
(8, 'Proste opowieści', 'Stary człowiek i morze', 1952, 18, 5, 1),
(8, 'Romantyczna opowieść', 'Pożegnanie z bronią', 1929, 18, 5, 1),
(8, 'Przemyślenia życiowe', 'Komu bije dzwon', 1940, 18, 5, 1),
(8, 'Podróże życiowe', 'Na wschód od raju', 1952, 18, 5, 1),
(8, 'Refleksje życiowe', 'Za kto bije dzwon', 1940, 18, 5, 1),
(9, 'Romantyczne historie', 'Anna Karenina', 1877, 19, 5, 1),
(9, 'Historyczne opowieści', 'Wojna i pokój', 1869, 19, 7, 1),
(9, 'Poważne rozważania', 'Zmartwychwstanie', 1899, 19, 5, 1),
(9, 'Psychologiczne opowieści', 'Powieść o prawdziwym człowieku', 1856, 19, 5, 1),
(9, 'Historie życiowe', 'Narodziny Iwana Iljicza', 1886, 20, 5, 1),
(10, 'Historie dystopijne', 'Opowieść podręcznej', 1985, 21, 4, 1),
(10, 'Postapokaliptyczne opowieści', 'Oryks i Derki', 1985, 21, 4, 1),
(10, 'Science fiction', 'MaddAddam', 2013, 21, 4, 1),
(10, 'Postapokaliptyczne opowieści', 'Upadek Gilead', 1985, 21, 4, 1),
(10, 'Dystopia', 'Odbudowa', 1985, 21, 4, 1),
(11, 'Atrakcyjne narracje', 'Amerykańscy bogowie', 2001, 22, 1, 1),
(11, 'Opowieści grozy', 'Grób Światła', 2008, 22, 3, 1),
(11, 'Mroczne historie', 'Światło na drodze wśród cienia', 2013, 22, 1, 1),
(11, 'Mitologia nordycka', 'Mitologia nordycka', 2017, 5, 14, 1),
(11, 'Opowieści fantastyczne', 'Córka burzy', 2009, 22, 1, 1),
(12, 'Psychologiczne opowieści', 'Zbrodnia i kara', 1866, 19, 5, 1),
(12, 'Filozoficzne rozważania', 'Idiota', 1869, 19, 5, 1),
(12, 'Psychologiczne studium', 'Bracia Karamazow', 1880, 19, 5, 1),
(12, 'Zapiski z więzienia', 'Zapiski z martwego domu', 1861, 19, 5, 1),
(12, 'Opowieści więzienne', 'Wieża', 1862, 19, 5, 1),
(13, 'Refleksje życiowe', 'Do latarni', 1927, 23, 5, 1),
(13, 'Portrety życiowe', 'Mrs. Dalloway', 1925, 23, 5, 1),
(13, 'Opowieści morskie', 'Fale', 1931, 23, 5, 1),
(13, 'Kwiaty i natura', 'Kwiaty cięte', 1938, 23, 5, 1),
(13, 'Podróże życiowe', 'Orlando', 1928, 23, 5, 1),
(14, 'Filozoficzne opowieści', 'Obcy', 1942, 24, 14, 1),
(14, 'Pandemia i społeczeństwo', 'Dżuma', 1947, 24, 14, 1),
(14, 'Opowieść o upadku', 'Upadek', 1956, 24, 14, 1),
(14, 'Filozoficzne rozważania', 'Mit Syzyfa', 1942, 24, 14, 1),
(14, 'Psychologiczne studium', 'Upadek', 1956, 24, 14, 1),
(15, 'Epicka saga', 'Władca Pierścieni: Drużyna Pierścienia', 1954, 25, 1, 1),
(15, 'Epicka podróż', 'Władca Pierścieni: Dwie Wieże', 1954, 25, 1, 1),
(15, 'Finale epickiej sagi', 'Władca Pierścieni: Powrót Króla', 1955, 25, 1, 1),
(15, 'Niezwykłe przygody','Hobbit, czyli tam i z powrotem', 1937, 25, 1, 1),
(15, 'Mity i legendy', 'Silmarillion', 1977, 25, 1, 1),
(16, 'Filozoficzne refleksje', 'Proces', 1925, 26, 14, 1),
(16, 'Tajemniczy zamach', 'Zamach', 1925, 26, 14, 1),
(16, 'Opresyjny zamek', 'Zamek', 1926, 26, 14, 1),
(16, 'Dystopijna przyszłość', 'Opowieść podręcznej', 1985, 21, 4, 1),
(16, 'Przemiana', 'Przemiana', 1915, 26, 15, 1),
(17, 'Magiczne opowieści', 'Czarnoksiężnik z Archipelagu', 1964, 27, 1, 1),
(17, 'Wędrówki w mroczne strony', 'Ciemność głęboka', 1972, 28, 4, 1),
(17, 'Odkrycie nieznanych światów', 'Leviathans Fall', 2022, 29, 4, 1),
(17, 'Podróż w kosmos', 'Rozproszenie', 2020, 29, 4, 1),
(17, 'Walka o przetrwanie', 'Ciemność nad Walalem', 1968, 28, 4, 1),
(18, 'Filozoficzne rozważania', 'Nieznosna lekkość bytu', 1984, 24, 14, 1),
(18, 'Humor i ironia', 'Żart', 1967, 29, 14, 1),
(18, 'Przemyślenia życiowe', 'Księga śmiechu i zapomnienia', 1979, 29, 5, 1),
(18, 'Refleksje nad bytem', 'Niewiedza', 2002, 1, 14, 1),
(18, 'Podróże wewnętrzne', 'Niedokończone podróże', 1996, 1, 5, 1),
(19, 'Opowieść o marzeniach', 'Myszy i ludzi', 1937, 12, 5, 1),
(19, 'Opowieść o ludzkich tragediach', 'Grona gniewu', 1939, 23, 5, 1),
(19, 'Podróże po Kalifornii', 'Na wschód od Edenu', 1952, 14, 5, 1),
(19, 'Przyroda i jej piękno', 'O pięknych księżycach', 1947, 15, 5, 1),
(19, 'Historia rodzinna', 'Perła', 1947, 26, 5, 1),
(20, 'Miłość i tajemnice', 'Ukochana', 1987, 17, 5, 1),
(20, 'Refleksje nad życiem', 'Błękitne oko', 1970, 18, 5, 1),
(20, 'Jazzowa opowieść', 'Jazz', 1992, 27, 5, 1),
(20, 'Milczenie', 'Milczenie', 2003, 27, 5, 1),
(20, 'Tajemnicze losy', 'Ukryta tożsamość', 2008, 27, 5, 1);


INSERT INTO Reviews (mark, review, hide, book_id)
VALUES 
(4, 'Wciągająca fabuła z niespodziewanym zakończeniem. Polecam!', 0, 75),
(3, 'Przyzwoita lektura, choć nieco przewidywalna. Można przeczytać.', 0, 48),
(5, 'Arcydzieło literatury. Emocjonująca i głęboka. Must-read!', 0, 29),
(2, 'Rozczarowująco banalne. Nie polecam.', 0, 91),
(4, 'Ciekawy pomysł, lecz wykonanie mogło być lepsze. Warte przeczytania.', 0, 12),
(1, 'Zupełnie nie moje klimaty. Męczące i nijakie.', 0, 85),
(3, 'Średnia książka, nieco nudna. Nieco zawiodłem się na fabule.', 0, 57),
(5, 'Zachwycająca opowieść. Nie mogłem oderwać się od lektury!', 0, 77),
(2, 'Słaba fabuła i płaskie postacie. Trudno się wciągnąć.', 0, 98),
(4, 'Intrygująca historia z zaskakującymi zwrotami akcji. Polecam!', 0, 41),
(3, 'Przeciętna książka, ale czyta się całkiem dobrze.', 0, 64),
(4, 'Wartościowa lektura z interesującymi wątkami. Dobrze się czytało.', 0, 33),
(5, 'Genialna książka, która porusza najgłębsze emocje. Niezapomniana!', 1, 22),
(2, 'Nie polecam. Słabe pisanie i nijaka fabuła.', 1, 89),
(3, 'Średnio wciągająca, ale z ciekawymi momentami.', 1, 52),
(4, 'Intrygująca i wciągająca. Godna uwagi.', 1, 6),
(3, 'Ok, ale nieco przeciętna. Nic specjalnego.', 1, 73),
(4, 'Niezła, choć mogłaby być bardziej złożona. Przyjemna lektura.', 1, 14),
(2, 'Raczej przeciętna książka. Słaba fabuła.', 1, 95),
(5, 'Niesamowita opowieść, która zostaje w pamięci na długo. Polecam!', 1, 36),
(3, 'Średnie, ale można przeczytać. Nic specjalnego.', 1, 69),
(4, 'Ciekawa i emocjonująca. Polecam dla fanów dobrego thrillera.', 1, 82),
(2, 'Słaba książka. Straciłem zainteresowanie po kilku stronach.', 1, 19),
(4, 'Wciągająca fabuła z zaskakującymi zwrotami akcji. Dobrze napisana.', 1, 61),
(1, 'Totalna porażka. Nie polecam.', 1, 44),
(3, 'Przeciętna lektura. Nic specjalnego.', 1, 87),
(4, 'Interesująca opowieść z ciekawymi postaciami. Warto przeczytać.', 1, 9),
(2, 'Znużające czytanie. Słaba fabuła i nudne postacie.', 1, 32),
(5, 'Wyjątkowa i poruszająca książka. Czyta się z zapartym tchem.', 1, 79),
(3, 'Przyzwoita, choć nieco monotonna. Średnio wciąga.', 0, 53),
(4, 'Niezwykle wciągająca lektura z zaskakującym zakończeniem. Godna polecenia!', 0, 71),
(3, 'Przeciętna książka, brakowało mi głębi fabuły. Średnio wciągała.', 0, 24),
(5, 'Porywająca opowieść, wciąga od pierwszych stron. Czysta perfekcja!', 0, 67),
(2, 'Słabe pisanie, nijaka fabuła. Czułem się zawiedziony.', 0, 94),
(4, 'Interesujące wątki i dobrze wykreowane postacie. Warte przeczytania.', 0, 47),
(1, 'Totalny niewypał. Nie polecam, strata czasu.', 0, 90),
(3, 'Nieco przeciętna, ale momentami wciągająca. Bez większej pasji.', 0, 31),
(5, 'Książka, która zostaje w pamięci na zawsze. Zdecydowanie na medal!', 0, 74),
(2, 'Rozczarowująco płaska i przewidywalna. Nuda.', 0, 5),
(4, 'Wciągająca fabuła z mnóstwem zwrotów akcji. Czyta się jak woda!', 0, 38),
(3, 'Nieźle się czytało, choć nic specjalnego. Średniak.', 0, 81),
(4, 'Fascynująca lektura, choć momentami trochę przewidywalna. Godna uwagi.', 0, 34),
(3, 'Ok, ale bez fajerwerków. Warto przeczytać, ale bez szału.', 0, 97),
(4, 'Niezła, choć mogłaby być bardziej złożona. Przyjemna lektura.', 0, 63),
(2, 'Raczej przeciętna książka. Słaba fabuła.', 0, 26),
(5, 'Niesamowita opowieść, która zostaje w pamięci na długo. Polecam!', 0, 59),
(3, 'Średnie, ale można przeczytać. Nic specjalnego.', 0, 92),
(4, 'Ciekawa i emocjonująca. Polecam dla fanów dobrego thrillera.', 0, 16),
(2, 'Słaba książka. Straciłem zainteresowanie po kilku stronach.', 0, 39),
(4, 'Wciągająca fabuła z zaskakującymi zwrotami akcji. Dobrze napisana.', 0, 72),
(1, 'Totalna porażka. Nie polecam.', 0, 65),
(3, 'Przeciętna lektura. Nic specjalnego.', 0, 20),
(4, 'Interesująca opowieść z ciekawymi postaciami. Warto przeczytać.', 0, 83),
(2, 'Znużające czytanie. Słaba fabuła i nudne postacie.', 0, 58),
(5, 'Wyjątkowa i poruszająca książka. Czyta się z zapartym tchem.', 0, 70),
(3, 'Przyzwoita, choć nieco monotonna. Średnio wciąga.', 0, 43),
(4, 'Niezwykle wciągająca lektura z zaskakującym zakończeniem. Godna polecenia!', 0, 86),
(3, 'Przeciętna książka, brakowało mi głębi fabuły. Średnio wciągała.', 0, 55),
(5, 'Porywająca opowieść, wciąga od pierwszych stron. Czysta perfekcja!', 0, 28),
(2, 'Słabe pisanie, nijaka fabuła. Czułem się zawiedziony.', 0, 45),
(4, 'Interesujące wątki i dobrze wykreowane postacie. Warte przeczytania.', 0, 68),
(1, 'Totalny niewypał. Nie polecam, strata czasu.', 0, 35),
(3, 'Nieco przeciętna, ale momentami wciągająca. Bez większej pasji.', 0, 76),
(5, 'Książka, która zostaje w pamięci na zawsze. Zdecydowanie na medal!', 0, 99),
(2, 'Rozczarowująco płaska i przewidywalna. Nuda.', 0, 50),
(4, 'Wciągająca fabuła z mnóstwem zwrotów akcji. Czyta się jak woda!', 0, 11),
(3, 'Nieźle się czytało, choć nic specjalnego. Średniak.', 0, 78),
(4, 'Fascynująca lektura, choć momentami trochę przewidywalna. Godna uwagi.', 0, 40),
(3, 'Ok, ale bez fajerwerków. Warto przeczytać, ale bez szału.', 0, 3),
(4, 'Niezła, choć mogłaby być bardziej złożona. Przyjemna lektura.', 0, 30),
(2, 'Raczej przeciętna książka. Słaba fabuła.', 0, 37),
(5, 'Niesamowita opowieść, która zostaje w pamięci na długo. Polecam!', 0, 9),
(3, 'Średnie, ale można przeczytać. Nic specjalnego.', 0, 84),
(4, 'Ciekawa i emocjonująca. Polecam dla fanów dobrego thrillera.', 0, 62),
(2, 'Słaba książka. Straciłem zainteresowanie po kilku stronach.', 0, 27),
(4, 'Wciągająca fabuła z zaskakującymi zwrotami akcji. Dobrze napisana.', 0, 80),
(1, 'Totalna porażka. Nie polecam.', 0, 21),
(3, 'Przeciętna lektura. Nic specjalnego.', 0, 54),
(4, 'Interesująca opowieść z ciekawymi postaciami. Warto przeczytać.', 0, 13),
(2, 'Znużające czytanie. Słaba fabuła i nudne postacie.', 0, 66),
(5, 'Wyjątkowa i poruszająca książka. Czyta się z zapartym tchem.', 0, 2),
(3, 'Przyzwoita, choć nieco monotonna. Średnio wciąga.', 0, 88),
(4, 'Niezwykle wciągająca lektura z zaskakującym zakończeniem. Godna polecenia!', 0, 23),
(3, 'Przeciętna książka, brakowało mi głębi fabuły. Średnio wciągała.', 0, 56),
(5, 'Porywająca opowieść, wciąga od pierwszych stron. Czysta perfekcja!', 0, 1),
(2, 'Słabe pisanie, nijaka fabuła. Czułem się zawiedziony.', 0, 4),
(4, 'Interesujące wątki i dobrze wykreowane postacie. Warte przeczytania.', 0,7),
(1, 'Totalny niewypał. Nie polecam, strata czasu.', 0, 8),
(3, 'Nieco przeciętna, ale momentami wciągająca. Bez większej pasji.', 0, 10),
(5, 'Książka, która zostaje w pamięci na zawsze. Zdecydowanie na medal!', 0, 15),
(2, 'Rozczarowująco płaska i przewidywalna. Nuda.', 0, 17),
(4, 'Wciągająca fabuła z mnóstwem zwrotów akcji. Czyta się jak woda!', 0, 18),
(3, 'Nieźle się czytało, choć nic specjalnego. Średniak.', 0, 25),
(4, 'Fascynująca lektura, choć momentami trochę przewidywalna. Godna uwagi.', 0, 34),
(3, 'Ok, ale bez fajerwerków. Warto przeczytać, ale bez szału.', 0, 46),
(4, 'Niezła, choć mogłaby być bardziej złożona. Przyjemna lektura.', 0, 49),
(2, 'Raczej przeciętna książka. Słaba fabuła.', 0, 51),
(5, 'Niesamowita opowieść, która zostaje w pamięci na długo. Polecam!', 0, 57),
(3, 'Średnie, ale można przeczytać. Nic specjalnego.', 0, 60),
(4, 'Ciekawa i emocjonująca. Polecam dla fanów dobrego thrillera.', 0, 61),
(2, 'Słaba książka. Straciłem zainteresowanie po kilku stronach.', 0, 63),
(4, 'Wciągająca fabuła z zaskakującymi zwrotami akcji. Dobrze napisana.', 0, 64),
(1, 'Totalna porażka. Nie polecam.', 0, 67),
(3, 'Przeciętna lektura. Nicspecjalnego.', 0, 69),
(4, 'Interesująca opowieść z ciekawymi postaciami. Warto przeczytać.', 0, 80),
(2, 'Znużające czytanie. Słaba fabuła i nudne postacie.', 0, 81),
(5, 'Wyjątkowa i poruszająca książka. Czyta się z zapartym tchem.', 0, 82),
(3, 'Przyzwoita, choć nieco monotonna. Średnio wciąga.', 0, 83),
(4, 'Niezwykle wciągająca lektura z zaskakującym zakończeniem. Godna polecenia!', 0, 84),
(3, 'Przeciętna książka, brakowało mi głębi fabuły. Średnio wciągała.', 0, 85),
(5, 'Porywająca opowieść, wciąga od pierwszych stron. Czysta perfekcja!', 0, 86),
(2, 'Słabe pisanie, nijaka fabuła. Czułem się zawiedziony.', 0, 87),
(4, 'Interesujące wątki i dobrze wykreowane postacie. Warte przeczytania.', 0, 88),
(1, 'Totalny niewypał. Nie polecam, strata czasu.', 0, 89),
(3, 'Nieco przeciętna, ale momentami wciągająca. Bez większej pasji.', 0, 90),
(5, 'Książka, która zostaje w pamięci na zawsze. Zdecydowanie na medal!', 0, 91),
(2, 'Rozczarowująco płaska i przewidywalna. Nuda.', 0, 92),
(4, 'Wciągająca fabuła z mnóstwem zwrotów akcji. Czyta się jak woda!', 0, 93),
(3, 'Nieźle się czytało, choć nic specjalnego. Średniak.', 0, 94),
(4, 'Fascynująca lektura, choć momentami trochę przewidywalna. Godna uwagi.', 0, 95),
(3, 'Ok, ale bez fajerwerków. Warto przeczytać, ale bez szału.', 0, 96),
(4, 'Niezła, choć mogłaby być bardziej złożona. Przyjemna lektura.', 0, 97),
(2, 'Raczej przeciętna książka. Słaba fabuła.', 0, 98),
(5, 'Niesamowita opowieść, która zostaje w pamięci na długo. Polecam!', 0, 99),
(3, 'Średnie, ale można przeczytać. Nic specjalnego.', 0, 100),
(4, 'Ciekawa i emocjonująca. Polecam dla fanów dobrego thrillera.', 0, 101),
(2, 'Słaba książka. Straciłem zainteresowanie po kilku stronach.', 0, 102);


INSERT INTO Deliveries (book_id, provider_id, date_of_order, status_id, invoice_id) VALUES
(5, 3, '2024-03-01', 3, 1),
(23, 7, '2024-03-02', 4, 2),
(45, 15, '2024-03-03', 3, 3),
(12, 10, '2024-03-04', 4, 4),
(87, 18, '2024-03-05', 3, 5),
(34, 5, '2024-03-06', 4, 6),
(56, 12, '2024-03-07', 3, 7),
(76, 9, '2024-03-08', 4, 8),
(98, 4, '2024-03-09', 3, 9),
(22, 17, '2024-03-10', 4, 10),
(67, 2, '2024-03-11', 3, 11),
(43, 8, '2024-03-12', 4, 12),
(31, 13, '2024-03-13', 3, 13),
(77, 19, '2024-03-14', 4, 14),
(55, 6, '2024-03-15', 3, 15),
(89, 1, '2024-03-16', 4, 16),
(12, 14, '2024-03-17', 3, 17),
(46, 11, '2024-03-18', 4, 18),
(75, 16, '2024-03-19', 3, 19),
(29, 14, '2024-03-20', 4, 20);



INSERT INTO Locations (city, street, number, post_code) VALUES
('Warszawa', 'plac Politechniki', '1', '00-661'),
('Warszawa', 'Narbutta', '86', '02-524'),
('Warszawa', 'Noakowskiego', '3', '00-664'),
('Płock', 'Łukasiewicza', '17', '00-400'),
('Warszawa', 'Koszykowa','55', '00-659'),
('Warszawa', 'Nowowiejska ', '15/19', '00-665'),
('Warszawa', 'Koszykowa ', '75', '00-659'),
('Warszawa', 'Nowowiejska ','20', '00-653'),
('Warszawa', 'Waryńskiego ','1', '00-645'),
('Warszawa', 'Armii Ludowej','16', '00-637'),
('Warszawa', 'Wołoska ','141', '02-507'),
('Warszawa', 'Nowowiejska ','21/25', '00-665'),
('Warszawa', 'Nowowiejska ','24', '00-665'),
('Warszawa', 'Konwiktorska ','2', '00-206'),
('Warszawa', 'Św. A. Boboli', '8', '02-525'),
('Warszawa', 'Narbutta ','84', '02-524');



INSERT INTO Libraries (name, location_id, open_hour_id) VALUES
('Biblioteka Główna Politechniki Warszawskiej', 1, 4),
('Biblioteka Terenu Południowego', 2, 1),
('Biblioteka Wydziału Chemicznego', 3, 2),
('Biblioteka Politechniki Warszawskiej Filia w Płocku', 4, 2),
('Biblioteka Wydziału Architektury', 5, 3),
('Biblioteka Wydziału Elektroniki i Technik Informacyjnych', 6, 4),
('Biblioteka Wydziału Elektrycznego', 7, 3),
('Biblioteka Wydziału Fizyki', 7, 2),
('Biblioteka Wydziału Instalacji Budowlanych, Hydrotechniki i Inżynierii Środowiska', 8, 1),
('Biblioteka Wydziału Inżynierii Chemicznej i Procesowej', 9, 2),
('Biblioteka Wydziału Inżynierii Lądowej', 10, 4),
('Biblioteka Wydziału Inżynierii Materiałowej', 11, 5),
('Biblioteka Wydziału Matematyki i Nauk Informacyjnych', 7, 1),
('Biblioteka Wydziału Mechanicznego Energetyki i Lotnictwa', 12, 3),
('Biblioteka Wydziału Mechanicznego Technologicznego', 14, 2),
('Biblioteka Wydziału Mechatroniki', 15, 1),
('Biblioteka Wydziału Samochodów i Maszyn Roboczych', 16, 4),
('Biblioteka Wydziału Transportu', 7, 3);


INSERT INTO Employees (name, surename, phone_number, salary, working_hours_per_day, status_id, login, password, library_id) VALUES
('Jan', 'Kowalski', '123456789', 3000, 8, 1, 'jakowalski', 'haslo123', 1),
('Anna', 'Nowak', '987654321', 3500, 8, 1, 'anowak', 'haslo456', 2),
('Piotr', 'Wiśniewski', '111222333', 3200, 8, 1, 'piwiśniewski', 'haslo789', 3),
('Katarzyna', 'Wójcik', '444555666', 3100, 8, 1, 'kwojcik', 'hasloabc', 4),
('Marek', 'Kamiński', '777888999', 3300, 8, 1, 'mkaminski', 'haslode1', 5),
('Magdalena', 'Lewandowska', '222333444', 3400, 8, 1, 'mlewandowska', 'haslofgh', 6),
('Adam', 'Dąbrowski', '555666777', 3100, 8, 1, 'adąbrowski', 'hasloijk', 7),
('Aleksandra', 'Zielińska', '888999000', 3200, 8, 1, 'azielińska', 'haslo123', 8),
('Tomasz', 'Szymański', '111000222', 3300, 8, 1, 'tszymański', 'haslo456', 9),
('Karolina', 'Woźniak', '444333222', 3100, 8, 1, 'kwoźniak', 'haslo789', 10),
('Marcin', 'Kozłowski', '777888999', 3400, 8, 1, 'mkozłowski', 'hasloabc', 11),
('Agata', 'Jankowska', '222111000', 3200, 8, 1, 'ajankowska', 'haslode1', 12),
('Michał', 'Wojciechowski', '555444333', 3100, 8, 1, 'mwojciechowski', 'haslofgh', 13),
('Natalia', 'Kwiatkowska', '888777666', 3300, 8, 1, 'nkwiatkowska', 'hasloijk', 14),
('Łukasz', 'Kaczmarek', '111222333', 3400, 8, 1, 'łkaczmarek', 'haslo123', 15),
('Dominika', 'Zając', '444555666', 3100, 8, 1, 'dzając', 'haslo456', 16),
('Kamil', 'Król', '777888999', 3200, 8, 1, 'kkról', 'haslo789', 17),
('Patrycja', 'Piotrowska', '222333444', 3300, 8, 1, 'ppiotrowska', 'hasloabc', 18),
('Artur', 'Grabowski', '555666777', 3100, 8, 1, 'agrabowski', 'haslode1', 1),
('Monika', 'Nowakowska', '888999000', 3200, 8, 1, 'mnowakowska', 'haslofgh', 2),
('Janusz', 'Kowalczyk', '123456789', 3300, 8, 1, 'jkowalczyk', 'haslo123', 10),
('Karolina', 'Wiśniewska', '987654321', 3200, 8, 1, 'kwiśniewska', 'haslo456', 12),
('Piotr', 'Krawczyk', '111222333', 3100, 8, 1, 'pkrawczyk', 'haslo789', 13),
('Aleksandra', 'Kaczmarek', '444555666', 3400, 8, 1, 'akaczmarek', 'hasloabc', 14),
('Marek', 'Zieliński', '777888999', 3200, 8, 1, 'mzieliński', 'haslode1', 15),
('Monika', 'Szymańska', '222333444', 3300, 8, 1, 'mszymańska', 'haslofgh', 16),
('Adam', 'Woźniak', '555666777', 3100, 8, 1, 'awoźniak', 'hasloijk', 7),
('Katarzyna', 'Dąbrowska', '888999000', 3400, 8, 1, 'kdąbrowska', 'haslo123', 8),
('Tomasz', 'Lewandowski', '111000222', 3300, 8, 1, 'tlewandowski', 'haslo456', 9),
('Natalia', 'Wojciechowska', '444333222', 3200, 8, 1, 'nwojciechowska', 'haslo789', 1),
('Marcin', 'Jankowski', '777888999', 3100, 8, 1, 'mjankowski', 'haslode1', 1),
('Agata', 'Kamińska', '222111000', 3400, 8, 1, 'akamińska', 'haslofgh',3),
('Michał', 'Wójcik', '555444333', 3300, 8, 1, 'mwojcik', 'hasloijk', 3),
('Justyna', 'Kowalska', '888777666', 3200, 8, 1, 'jkowalska', 'haslo123', 14),
('Łukasz', 'Nowak', '111222333', 3100, 8, 1, 'łnowak', 'haslo456', 5),
('Patryk', 'Wiśniewski', '444555666', 3400, 8, 1, 'pwiśniewski', 'haslo789', 6),
('Martyna', 'Kowalczyk', '777888999', 3300, 8, 1, 'mkowalczyk', 'haslode1', 7),
('Kamil', 'Zając', '222333444', 3200, 8, 1, 'kzańc', 'haslofgh', 8),
('Julia', 'Kaczmarek', '555666777', 3100, 8, 1, 'jkaczmarek', 'hasloijk', 9),
('Wojciech', 'Grabowski', '888999000', 3300, 8, 1, 'wgrabowski', 'haslo123', 4);


INSERT INTO Elementary_books (book_id, library_id, status_id, wear) VALUES
(1, 3, 5, 25),
(2, 15, 6, 56),
(3, 8, 5, 12),
(4, 2, 6, 78),
(5, 1, 5, 44),
(6, 10, 6, 39),
(7, 7, 5, 67),
(8, 18, 6, 90),
(9, 5, 5, 15),
(10, 13, 6, 20),
(11, 12, 5, 76),
(12, 4, 6, 33),
(13, 16, 5, 88),
(14, 9, 6, 10),
(15, 2, 5, 50),
(16, 17, 6, 70),
(17, 11, 5, 5),
(18, 6, 6, 95),
(19, 14, 5, 30),
(20, 9, 6, 66),
(21, 8, 5, 75),
(22, 18, 6, 23),
(23, 4, 5, 98),
(24, 12, 6, 45),
(25, 1, 5, 10),
(26, 10, 6, 88),
(27, 7, 5, 34),
(28, 10, 6, 67),
(29, 5, 5, 21),
(30, 13, 6, 55),
(31, 12, 5, 44),
(32, 4, 6, 77),
(33, 16, 5, 13),
(34, 18, 6, 89),
(35, 2, 5, 32),
(36, 17, 6, 69),
(37, 11, 5, 10),
(38, 6, 6, 91),
(39, 14, 5, 23),
(40, 9, 6, 78),
(41, 8, 5, 65),
(42, 18, 6, 34),
(43, 4, 5, 99),
(44, 12, 6, 12),
(45, 1, 5, 47),
(46, 10, 6, 76),
(47, 7, 5, 56),
(48, 2, 6, 20),
(49, 5, 5, 45),
(50, 13, 6, 70),
(51, 12, 5, 19),
(52, 4, 6, 82),
(53, 16, 5, 22),
(54, 9, 6, 54),
(55, 2, 5, 9),
(56, 17, 6, 33),
(57, 11, 5, 60),
(58, 6, 6, 93),
(59, 14, 5, 29),
(60, 9, 6, 71),
(61, 8, 5, 51),
(62, 18, 6, 17),
(63, 4, 5, 85),
(64, 12, 6, 40),
(65, 1, 5, 30),
(66, 10, 6, 80),
(67, 7, 5, 10),
(68, 14, 6, 24),
(69, 5, 5, 55),
(70, 13, 6, 89),
(71, 12, 5, 11),
(72, 4, 6, 75),
(73, 16, 5, 18),
(74, 17, 6, 52),
(75, 2, 5, 25),
(76, 17, 6, 36),
(77, 11, 5, 78),
(78, 6, 6, 97),
(79, 14, 5, 28),
(80, 9, 6, 72),
(81, 8, 5, 68),
(82, 18, 6, 14),
(83, 4, 5, 90),
(84, 12, 6, 37),
(85, 1, 5, 37),
(86, 10, 6, 82),
(87, 7, 5, 1),
(88, 6, 6, 30),
(89, 5, 5, 63),
(90, 13, 6, 99),
(91, 12, 5, 8),
(92, 4, 6, 69),
(93, 16, 5, 40),
(94, 5, 6, 49),
(95, 2, 5, 16),
(96, 17, 6, 45),
(97, 11, 5, 69),
(98, 6, 6, 87),
(99, 14, 5, 26),
(100, 9, 6, 65),
(101, 8, 5, 59),
(102, 18, 6, 25);


INSERT INTO Users (name, email, phone_number, status_id, indeks) VALUES
('Adam Kowalski', 'adam.kowalski@pw.edu.pl', '123456789', 7, '000000'),
('Anna Nowak', 'anna.nowak@pw.edu.pl', '987654321', 8, '000001'),
('Piotr Wiśniewski', 'piotr.wisniewski@pw.edu.pl', '555444333', 7, '000002'),
('Maria Dąbrowska', 'maria.dabrowska@pw.edu.pl', '111222333', 8, '000003'),
('Andrzej Lewandowski', 'andrzej.lewandowski@example.com', '999888777', 7, '000004'),
('Magdalena Wójcik', 'magdalena.wojcik@example.com', '777888999', 7, '000005'),
('Krzysztof Kamiński', 'krzysztof.kaminski@example.com', '333222111', 8, '000006'),
('Barbara Kowalczyk', 'barbara.kowalczyk@example.com', '444555666', 7, '000007'),
('Marek Zieliński', 'marek.zielinski@pw.edu.pl', '666777888', 7, '000008'),
('Agnieszka Szymańska', 'agnieszka.szymanska@example.com', '888999000', 8, '000009'),
('Tomasz Woźniak', 'tomasz.wozniak@pw.edu.pl', '222333444', 7, '000010'),
('Ewa Kozłowska', 'ewa.kozlowska@example.com', '111333555', 8, '000011'),
('Łukasz Jankowski', 'lukasz.jankowski@example.com', '777999111', 7, '000012'),
('Katarzyna Wrońska', 'katarzyna.wronska@example.com', '888111444', 7, '000019'),
('Marcin Kowalik', 'marcin.kowalik@pw.edu.pl', '222555888', 8, '000013'),
('Elżbieta Michalska', 'elzbieta.michalska@example.com', '333666999', 7, '000014'),
('Adam Nowicki', 'adam.nowicki@pw.edu.pl', '555888111', 7, '000015'),
('Monika Wolska', 'monika.wolska@example.com', '444777000', 8, '000016'),
('Michał Jasiński', 'michal.jasinski@pw.edu.pl', '666999222', 7, '000017'),
('Karolina Malinowska', 'karolina.malinowska@example.com', '333222555', 7, '000018');


INSERT INTO Orders (elementary_book_id, user_id, date, pickup_time) VALUES
(1, 1, '2024-03-27', 1),
(25, 2, '2024-03-28', 2),
(50, 3, '2024-03-29', 7),
(75, 4, '2024-03-30', 14),
(100, 5, '2024-03-31', 1),
(12, 6, '2024-04-01', 2),
(37, 7, '2024-04-02', 7),
(62, 8, '2024-04-03', 14),
(87, 9, '2024-04-04', 1),
(101, 10, '2024-04-05', 2);


INSERT INTO Rents (user_id, elementary_book_id, rent_date, return_date, order_id, extension_id, employee_id) VALUES
(1, 1, '2024-03-27', '2024-04-03', 1, NULL, 1),
(2, 2, '2024-03-28', '2024-04-04', 2, 2, 2),
(3, 3, '2024-03-29', '2024-04-05', 3, NULL, 3),
(4, 4, '2024-03-30', '2024-04-06', 4, 4, 4),
(5, 5, '2024-03-31', '2024-04-07', 5, 5, 5),
(6, 6, '2024-04-01', '2024-04-08',  6, 6, 6),
(7, 7, '2024-04-02', '2024-04-09', 7, NULL, 7),
(8, 8, '2024-04-03', '2024-04-10', 8, 8, 8),
(9, 9, '2024-04-04', '2024-04-11', 9, 9, 9),
(10, 10, '2024-04-05', '2024-04-12', 10, 10, 10),
(1, 10, '2024-02-23', '2024-03-03', 1, NULL, 10),
(2, 20, '2024-02-22', '2024-03-04', 2, NULL, 9),
(3, 30, '2024-02-21', '2024-03-05', 3, NULL, 8),
(4, 40, '2024-02-20', '2024-03-06', 4, NULL, 7),
(5, 50, '2024-02-21', '2024-03-07', 5, NULL, 6),
(6, 60, '2024-02-01', '2024-03-08', 6, NULL, 5),
(7, 70, '2024-02-02', '2024-03-09', 7, NULL, 4),
(8, 80, '2024-02-03', '2024-03-10', 8, NULL, 3),
(9, 90, '2024-02-04', '2024-03-11', 9, NULL, 2),
(10, 100, '2024-02-05', '2024-03-12', NULL, 10, 1);


INSERT INTO Notifications (notification_type, date, content, user_id) VALUES
('informacja', '2024-03-27', 'Został 1 dzień do oddania książki', 1),
('ostrzeżenie', '2024-03-28', 'Został 1 dzień do oddania książki', 2),
('informacja', '2024-03-29', 'Został 1 dzień do oddania książki', 3),
('ostrzeżenie', '2024-03-30', 'Został 1 dzień do oddania książki', 4),
('informacja', '2024-03-31', 'Został 1 dzień do oddania książki', 5),
('ostrzeżenie', '2024-04-01', 'Został 1 dzień do oddania książki', 6),
('informacja', '2024-04-02', 'Został 1 dzień do oddania książki', 7),
('ostrzeżenie', '2024-04-03', 'Został 1 dzień do oddania książki', 8),
('informacja', '2024-04-04', 'Został 1 dzień do oddania książki', 9),
('ostrzeżenie', '2024-04-05', 'Został 1 dzień do oddania książki', 10);


INSERT INTO Config (name, value, modification_date) VALUES
('theme_color', 'blue', '2024-03-26'),
('font_size', '14px', '2024-03-27'),
('max_results', '50', '2024-03-28'),
('language', 'English', '2024-03-29'),
('timeout_duration', '300s', '2024-03-30'),
('currency_symbol', '$', '2024-03-31'),
('timezone', 'GMT+1', '2024-04-01'),
('notification_sound', 'beep.mp3', '2024-04-02'),
('email_notifications', 'true', '2024-04-03'),
('dark_mode_enabled', 'false', '2024-04-04'),
('backup_frequency', 'daily', '2024-04-05'),
('auto_save_interval', '10min', '2024-04-06'),
('default_view', 'grid', '2024-04-07'),
('show_images', 'true', '2024-04-08'),
('debug_mode', 'false', '2024-04-09');



